Name,Department,Salary,Age,Experience,Bonus_Salary
Rahul,IT,60000,25,2,66000.0
Sneha,HR,45000,28,4,49500.00000000001
Arjun,IT,75000,30,6,82500.0
Priya,Finance,50000,27,3,55000.00000000001
Kiran,HR,40000,26,2,44000.0
Meena,Finance,65000,32,7,71500.0
